{
	"map": {
		"42": {
			"x": 560,
			"y": 0,
			"width": 56,
			"height": 64
		},
		"43": {
			"x": 616,
			"y": 0,
			"width": 56,
			"height": 64
		},
		"45": {
			"x": 672,
			"y": 0,
			"width": 56,
			"height": 64
		},
		"46": {
			"x": 56,
			"y": 64,
			"width": 56,
			"height": 64
		},
		"48": {
			"x": 504,
			"y": 0,
			"width": 56,
			"height": 64
		},
		"49": {
			"x": 0,
			"y": 0,
			"width": 56,
			"height": 64
		},
		"50": {
			"x": 56,
			"y": 0,
			"width": 56,
			"height": 64
		},
		"51": {
			"x": 112,
			"y": 0,
			"width": 56,
			"height": 64
		},
		"52": {
			"x": 168,
			"y": 0,
			"width": 56,
			"height": 64
		},
		"53": {
			"x": 224,
			"y": 0,
			"width": 56,
			"height": 64
		},
		"54": {
			"x": 280,
			"y": 0,
			"width": 56,
			"height": 64
		},
		"55": {
			"x": 336,
			"y": 0,
			"width": 56,
			"height": 64
		},
		"56": {
			"x": 392,
			"y": 0,
			"width": 56,
			"height": 64
		},
		"57": {
			"x": 448,
			"y": 0,
			"width": 56,
			"height": 64
		},
		"58": {
			"x": 0,
			"y": 64,
			"width": 56,
			"height": 64
		},
		"80": {
			"x": 112,
			"y": 64,
			"width": 56,
			"height": 64
		},
		"81": {
			"x": 168,
			"y": 64,
			"width": 56,
			"height": 64
		}
	},
	"missingGlyph": {
		"x": 112,
		"y": 32,
		"width": 28,
		"height": 32
	},
	"height": 32
}